Header1,Header2,Header3,Header4
Content1,Thing1,This1,That1
Content2,Thing2,This2,That2
Content3,Thing3,This3,That3
Content4,Thing4,This4,That4
Content5,Thing5,This5,That5
Content6,Thing6,This6,That6
Content7,Thing7,This7,That7
Content8,Thing8,This8,That8
Content9,Thing9,This9,That9
Content10,Thing10,This10,That10
Content11,Thing11,This11,That11
Content12,Thing12,This12,That12
Content13,Thing13,This13,That13
Content14,Thing14,This14,That14
Content15,Thing15,This15,That15
Content16,Thing16,This16,That16
Content17,Thing17,This17,That17
Content18,Thing18,This18,That18
Content19,Thing19,This19,That19
Content20,Thing20,This20,That20
Content21,Thing21,This21,That21
Content22,Thing22,This22,That22
Content23,Thing23,This23,That23
Content24,Thing24,This24,That24
Content25,Thing25,This25,That25
Content26,Thing26,This26,That26
Content27,Thing27,This27,That27
Content28,Thing28,This28,That28
Content29,Thing29,This29,That29